1615361743552,p4,"2021-03-10 15:35:43.55"

1615361744056,p3,"2021-03-10 15:35:44.054"

1615361744559,p3,"2021-03-10 15:35:44.557"

1615361745062,p2,"2021-03-10 15:35:45.06"

1615361746578,p3,"2021-03-10 15:35:46.576"

1615361747081,p2,"2021-03-10 15:35:47.079"

1615361747585,p4,"2021-03-10 15:35:47.582"

1615361748087,p4,"2021-03-10 15:35:48.086"

1615361748590,p4,"2021-03-10 15:35:48.589"

1615361749094,p3,"2021-03-10 15:35:49.092"

1615361749597,p3,"2021-03-10 15:35:49.596"

1615361750100,p4,"2021-03-10 15:35:50.098"

1615361750604,p4,"2021-03-10 15:35:50.602"

1615361751107,p3,"2021-03-10 15:35:51.106"

1615361751610,p2,"2021-03-10 15:35:51.609"

1615361752114,p3,"2021-03-10 15:35:52.112"

1615361752617,p3,"2021-03-10 15:35:52.616"

1615361753120,p3,"2021-03-10 15:35:53.118"

1615361753624,p1,"2021-03-10 15:35:53.622"

1615361754128,p3,"2021-03-10 15:35:54.126"

1615361754631,p3,"2021-03-10 15:35:54.629"

1615361755135,p2,"2021-03-10 15:35:55.133"

1615361756647,p3,"2021-03-10 15:35:56.646"

1615361757151,p2,"2021-03-10 15:35:57.149"

1615361757654,p3,"2021-03-10 15:35:57.653"

1615361758159,p3,"2021-03-10 15:35:58.156"

1615361758662,p4,"2021-03-10 15:35:58.66"

1615361759669,p1,"2021-03-10 15:35:59.667"

1615361760173,p1,"2021-03-10 15:36:00.171"

1615361760676,p4,"2021-03-10 15:36:00.674"

1615361761179,p5,"2021-03-10 15:36:01.177"

1615361761683,p2,"2021-03-10 15:36:01.681"

1615361762187,p4,"2021-03-10 15:36:02.185"

1615361762690,p2,"2021-03-10 15:36:02.688"

1615361763193,p1,"2021-03-10 15:36:03.192"

1615361764202,p5,"2021-03-10 15:36:04.2"

1615361765213,p5,"2021-03-10 15:36:05.21"

1615361765716,p2,"2021-03-10 15:36:05.714"

1615361766220,p4,"2021-03-10 15:36:06.218"

1615361766723,p4,"2021-03-10 15:36:06.721"

1615361767730,p5,"2021-03-10 15:36:07.728"

1615361768232,p4,"2021-03-10 15:36:08.231"

1615361768736,p2,"2021-03-10 15:36:08.734"

1615361769241,p3,"2021-03-10 15:36:09.238"

1615361769746,p3,"2021-03-10 15:36:09.744"

1615361770250,p5,"2021-03-10 15:36:10.248"

1615361770753,p4,"2021-03-10 15:36:10.751"

1615361771257,p3,"2021-03-10 15:36:11.255"

1615361771760,p1,"2021-03-10 15:36:11.759"

1615361772265,p5,"2021-03-10 15:36:12.262"

1615361772767,p1,"2021-03-10 15:36:12.766"

1615361773271,p4,"2021-03-10 15:36:13.269"

1615361773775,p5,"2021-03-10 15:36:13.773"

1615361774784,p5,"2021-03-10 15:36:14.782"

1615361775287,p2,"2021-03-10 15:36:15.285"